"Fecha";"Mercado";"Producto";"Precio"
"30-12-24";"B.Blanca";"Girasol";"U$S 329.04"
"17-03-25";"B.Blanca";"Girasol";"U$S 319.1"
"18-03-25";"B.Blanca";"Girasol";"U$S 319.1"
"14-04-25";"B.Blanca";"Girasol";"U$S 297.75"
"29-04-25";"B.Blanca";"Girasol";"U$S 297.68"
"07-05-25";"B.Blanca";"Girasol";"U$S 297.6"
"12-05-25";"B.Blanca";"Girasol";"U$S 297.61"
"19-06-25";"B.Blanca";"Girasol";"U$S 300"
"23-06-25";"B.Blanca";"Girasol";"U$S 297.69"
"24-06-25";"B.Blanca";"Girasol";"U$S 297.7"
"25-06-25";"B.Blanca";"Girasol";"U$S 297.73"
"26-06-25";"B.Blanca";"Girasol";"U$S 297.73"
"27-06-25";"B.Blanca";"Girasol";"U$S 297.73"
"30-06-25";"B.Blanca";"Girasol";"U$S 297.76"
"01-07-25";"B.Blanca";"Girasol";"U$S 297.79"
"02-07-25";"B.Blanca";"Girasol";"U$S 297.8"
"03-07-25";"B.Blanca";"Girasol";"U$S 297.81"
"04-07-25";"B.Blanca";"Girasol";"U$S 297.82"
"08-07-25";"B.Blanca";"Girasol";"U$S 300.24"
"10-07-25";"B.Blanca";"Girasol";"U$S 297.85"
"11-07-25";"B.Blanca";"Girasol";"U$S 297.86"
"14-07-25";"B.Blanca";"Girasol";"U$S 297.89"
"16-07-25";"B.Blanca";"Girasol";"U$S 297.86"
"17-07-25";"B.Blanca";"Girasol";"U$S 297.88"
"18-07-25";"B.Blanca";"Girasol";"U$S 297.9"
"21-07-25";"B.Blanca";"Girasol";"U$S 297.88"
"22-07-25";"B.Blanca";"Girasol";"U$S 297.85"
"23-07-25";"B.Blanca";"Girasol";"U$S 297.74"
"24-07-25";"B.Blanca";"Girasol";"U$S 297.88"
"30-12-24";"B.Blanca";"Maiz";"U$S 187.02"
"02-01-25";"B.Blanca";"Maiz";"U$S 188.86"
"03-01-25";"B.Blanca";"Maiz";"U$S 188.31"
"07-01-25";"B.Blanca";"Maiz";"U$S 188.22"
"08-01-25";"B.Blanca";"Maiz";"U$S 191.03"
"10-01-25";"B.Blanca";"Maiz";"U$S 192.4"
"13-01-25";"B.Blanca";"Maiz";"U$S 197.12"
"14-01-25";"B.Blanca";"Maiz";"U$S 197.89"
"15-01-25";"B.Blanca";"Maiz";"U$S 197.7"
"16-01-25";"B.Blanca";"Maiz";"U$S 196.74"
"17-01-25";"B.Blanca";"Maiz";"U$S 196.36"
"20-01-25";"B.Blanca";"Maiz";"U$S 197.8"
"21-01-25";"B.Blanca";"Maiz";"U$S 200.57"
"22-01-25";"B.Blanca";"Maiz";"U$S 200.38"
"23-01-25";"B.Blanca";"Maiz";"U$S 200.29"
"29-01-25";"B.Blanca";"Maiz";"U$S 209.22"
"30-01-25";"B.Blanca";"Maiz";"U$S 209.13"
"03-02-25";"B.Blanca";"Maiz";"U$S 208.68"
"04-02-25";"B.Blanca";"Maiz";"U$S 213.42"
"05-02-25";"B.Blanca";"Maiz";"U$S 213.37"
"06-02-25";"B.Blanca";"Maiz";"U$S 213.32"
"10-02-25";"B.Blanca";"Maiz";"U$S 208.23"
"11-02-25";"B.Blanca";"Maiz";"U$S 208.23"
"12-02-25";"B.Blanca";"Maiz";"U$S 208.19"
"14-02-25";"B.Blanca";"Maiz";"U$S 212.62"
"17-02-25";"B.Blanca";"Maiz";"U$S 212.41"
"18-02-25";"B.Blanca";"Maiz";"U$S 210.58"
"19-02-25";"B.Blanca";"Maiz";"U$S 209.58"
"20-02-25";"B.Blanca";"Maiz";"U$S 212.31"
"21-02-25";"B.Blanca";"Maiz";"U$S 212.11"
"24-02-25";"B.Blanca";"Maiz";"U$S 202.64"
"25-02-25";"B.Blanca";"Maiz";"U$S 202.54"
"26-02-25";"B.Blanca";"Maiz";"U$S 207.21"
"04-03-25";"B.Blanca";"Maiz";"U$S 206.62"
"05-03-25";"B.Blanca";"Maiz";"U$S 206.72"
"17-03-25";"B.Blanca";"Maiz";"U$S 201.22"
"18-03-25";"B.Blanca";"Maiz";"U$S 201.12"
"29-04-25";"B.Blanca";"Maiz";"U$S 197.42"
"07-05-25";"B.Blanca";"Maiz";"U$S 183.52"
"12-05-25";"B.Blanca";"Maiz";"U$S 182.54"
"03-06-25";"B.Blanca";"Maiz";"U$S 176.65"
"06-06-25";"B.Blanca";"Maiz";"U$S 173.67"
"09-06-25";"B.Blanca";"Maiz";"U$S 171.69"
"10-06-25";"B.Blanca";"Maiz";"U$S 172.49"
"11-06-25";"B.Blanca";"Maiz";"U$S 174.11"
"12-06-25";"B.Blanca";"Maiz";"U$S 173.67"
"13-06-25";"B.Blanca";"Maiz";"U$S 173.67"
"18-06-25";"B.Blanca";"Maiz";"U$S 170.65"
"23-06-25";"B.Blanca";"Maiz";"U$S 168.69"
"24-06-25";"B.Blanca";"Maiz";"U$S 170.68"
"25-06-25";"B.Blanca";"Maiz";"U$S 171.69"
"26-06-25";"B.Blanca";"Maiz";"U$S 171.69"
"27-06-25";"B.Blanca";"Maiz";"U$S 168.71"
"30-06-25";"B.Blanca";"Maiz";"U$S 168.73"
"02-07-25";"B.Blanca";"Maiz";"U$S 171.73"
"03-07-25";"B.Blanca";"Maiz";"U$S 171.74"
"04-07-25";"B.Blanca";"Maiz";"U$S 171.74"
"08-07-25";"B.Blanca";"Maiz";"U$S 170.14"
"10-07-25";"B.Blanca";"Maiz";"U$S 168.78"
"14-07-25";"B.Blanca";"Maiz";"U$S 168.8"
"15-07-25";"B.Blanca";"Maiz";"U$S 170.28"
"16-07-25";"B.Blanca";"Maiz";"U$S 173.75"
"17-07-25";"B.Blanca";"Maiz";"U$S 173.76"
"18-07-25";"B.Blanca";"Maiz";"U$S 173.78"
"21-07-25";"B.Blanca";"Maiz";"U$S 171.78"
"22-07-25";"B.Blanca";"Maiz";"U$S 173.75"
"23-07-25";"B.Blanca";"Maiz";"U$S 171.69"
"24-07-25";"B.Blanca";"Maiz";"U$S 173.76"
"03-06-25";"B.Blanca";"Soja";"U$S 262.99"
"06-06-25";"B.Blanca";"Soja";"U$S 267.95"
"09-06-25";"B.Blanca";"Soja";"U$S 272.91"
"11-06-25";"B.Blanca";"Soja";"U$S 273.6"
"17-06-25";"B.Blanca";"Soja";"U$S 277.83"
"18-06-25";"B.Blanca";"Soja";"U$S 277.79"
"24-06-25";"B.Blanca";"Soja";"U$S 272.89"
"25-06-25";"B.Blanca";"Soja";"U$S 267.96"
"26-06-25";"B.Blanca";"Soja";"U$S 267.96"
"07-07-25";"B.Blanca";"Soja";"U$S 297.86"
"14-07-25";"B.Blanca";"Soja";"U$S 257.81"
"16-07-25";"B.Blanca";"Soja";"U$S 261.7"
"17-07-25";"B.Blanca";"Soja";"U$S 260.6"
"18-07-25";"B.Blanca";"Soja";"U$S 263.61"
"21-07-25";"B.Blanca";"Soja";"U$S 262.75"
"22-07-25";"B.Blanca";"Soja";"U$S 266.61"
"23-07-25";"B.Blanca";"Soja";"U$S 270.16"
"30-12-24";"B.Blanca";"Trigo";"U$S 190.89"
"02-01-25";"B.Blanca";"Trigo";"U$S 190.8"
"03-01-25";"B.Blanca";"Trigo";"U$S 189.28"
"06-01-25";"B.Blanca";"Trigo";"U$S 188.31"
"07-01-25";"B.Blanca";"Trigo";"U$S 188.22"
"08-01-25";"B.Blanca";"Trigo";"U$S 188.13"
"10-01-25";"B.Blanca";"Trigo";"U$S 187.59"
"13-01-25";"B.Blanca";"Trigo";"U$S 187.5"
"14-01-25";"B.Blanca";"Trigo";"U$S 187.32"
"15-01-25";"B.Blanca";"Trigo";"U$S 187.14"
"16-01-25";"B.Blanca";"Trigo";"U$S 188.1"
"17-01-25";"B.Blanca";"Trigo";"U$S 187.74"
"20-01-25";"B.Blanca";"Trigo";"U$S 188.25"
"21-01-25";"B.Blanca";"Trigo";"U$S 189.11"
"22-01-25";"B.Blanca";"Trigo";"U$S 190.84"
"23-01-25";"B.Blanca";"Trigo";"U$S 190.75"
"28-01-25";"B.Blanca";"Trigo";"U$S 195.05"
"29-01-25";"B.Blanca";"Trigo";"U$S 199.71"
"30-01-25";"B.Blanca";"Trigo";"U$S 201.52"
"31-01-25";"B.Blanca";"Trigo";"U$S 201.23"
"03-02-25";"B.Blanca";"Trigo";"U$S 201.09"
"04-02-25";"B.Blanca";"Trigo";"U$S 202.99"
"05-02-25";"B.Blanca";"Trigo";"U$S 202.94"
"06-02-25";"B.Blanca";"Trigo";"U$S 208.58"
"07-02-25";"B.Blanca";"Trigo";"U$S 208.38"
"10-02-25";"B.Blanca";"Trigo";"U$S 208.23"
"11-02-25";"B.Blanca";"Trigo";"U$S 208.23"
"12-02-25";"B.Blanca";"Trigo";"U$S 208.19"
"13-02-25";"B.Blanca";"Trigo";"U$S 210.82"
"14-02-25";"B.Blanca";"Trigo";"U$S 212.62"
"17-02-25";"B.Blanca";"Trigo";"U$S 212.41"
"18-02-25";"B.Blanca";"Trigo";"U$S 212.46"
"19-02-25";"B.Blanca";"Trigo";"U$S 212.41"
"20-02-25";"B.Blanca";"Trigo";"U$S 217.03"
"21-02-25";"B.Blanca";"Trigo";"U$S 216.83"
"24-02-25";"B.Blanca";"Trigo";"U$S 216.78"
"25-02-25";"B.Blanca";"Trigo";"U$S 216.67"
"26-02-25";"B.Blanca";"Trigo";"U$S 214.74"
"27-02-25";"B.Blanca";"Trigo";"U$S 211.81"
"04-03-25";"B.Blanca";"Trigo";"U$S 211.32"
"05-03-25";"B.Blanca";"Trigo";"U$S 211.42"
"17-03-25";"B.Blanca";"Trigo";"U$S 210.58"
"18-03-25";"B.Blanca";"Trigo";"U$S 210.48"
"29-04-25";"B.Blanca";"Trigo";"U$S 202.42"
"07-05-25";"B.Blanca";"Trigo";"U$S 195.42"
"12-05-25";"B.Blanca";"Trigo";"U$S 195.43"
"03-06-25";"B.Blanca";"Trigo";"U$S 198.48"
"06-06-25";"B.Blanca";"Trigo";"U$S 198.48"
"09-06-25";"B.Blanca";"Trigo";"U$S 198.48"
"10-06-25";"B.Blanca";"Trigo";"U$S 164.91"
"11-06-25";"B.Blanca";"Trigo";"U$S 198.82"
"12-06-25";"B.Blanca";"Trigo";"U$S 198.48"
"13-06-25";"B.Blanca";"Trigo";"U$S 198.48"
"17-06-25";"B.Blanca";"Trigo";"U$S 198.45"
"18-06-25";"B.Blanca";"Trigo";"U$S 198.42"
"19-06-25";"B.Blanca";"Trigo";"U$S 200"
"23-06-25";"B.Blanca";"Trigo";"U$S 198.46"
"24-06-25";"B.Blanca";"Trigo";"U$S 198.47"
"25-06-25";"B.Blanca";"Trigo";"U$S 198.49"
"26-06-25";"B.Blanca";"Trigo";"U$S 198.49"
"27-06-25";"B.Blanca";"Trigo";"U$S 198.49"
"30-06-25";"B.Blanca";"Trigo";"U$S 198.51"
"01-07-25";"B.Blanca";"Trigo";"U$S 198.53"
"02-07-25";"B.Blanca";"Trigo";"U$S 198.54"
"03-07-25";"B.Blanca";"Trigo";"U$S 198.54"
"04-07-25";"B.Blanca";"Trigo";"U$S 198.55"
"07-07-25";"B.Blanca";"Trigo";"U$S 196.59"
"08-07-25";"B.Blanca";"Trigo";"U$S 200.16"
"10-07-25";"B.Blanca";"Trigo";"U$S 198.57"
"11-07-25";"B.Blanca";"Trigo";"U$S 198.57"
"14-07-25";"B.Blanca";"Trigo";"U$S 198.59"
"15-07-25";"B.Blanca";"Trigo";"U$S 198.57"
"16-07-25";"B.Blanca";"Trigo";"U$S 198.57"
"17-07-25";"B.Blanca";"Trigo";"U$S 198.59"
"18-07-25";"B.Blanca";"Trigo";"U$S 198.6"
"21-07-25";"B.Blanca";"Trigo";"U$S 198.59"
"22-07-25";"B.Blanca";"Trigo";"U$S 200.55"
"23-07-25";"B.Blanca";"Trigo";"U$S 199.48"
"24-07-25";"B.Blanca";"Trigo";"U$S 200.57"
"24-02-25";"Buenos Aires";"Trigo art. 12";"U$S 218.52"
"25-02-25";"Buenos Aires";"Trigo art. 12";"U$S 214.79"
"03-01-25";"Córdoba";"Trigo";"U$S 190.3"
"06-01-25";"Córdoba";"Trigo";"U$S 1857.17"
"07-01-25";"Córdoba";"Trigo";"U$S 187.76"
"08-01-25";"Córdoba";"Trigo";"U$S 186.2"
"10-01-25";"Córdoba";"Trigo";"U$S 186.63"
"15-01-25";"Córdoba";"Trigo";"U$S 187.91"
"16-01-25";"Córdoba";"Trigo";"U$S 188.1"
"17-01-25";"Córdoba";"Trigo";"U$S 190.82"
"20-01-25";"Córdoba";"Trigo";"U$S 187.74"
"21-01-25";"Córdoba";"Trigo";"U$S 189.36"
"22-01-25";"Córdoba";"Trigo";"U$S 186.34"
"23-01-25";"Córdoba";"Trigo";"U$S 189.85"
"27-01-25";"Córdoba";"Trigo";"U$S 189.2"
"28-01-25";"Córdoba";"Trigo";"U$S 190.29"
"29-01-25";"Córdoba";"Trigo";"U$S 194.96"
"30-01-25";"Córdoba";"Trigo";"U$S 197.72"
"31-01-25";"Córdoba";"Trigo";"U$S 202.11"
"04-02-25";"Córdoba";"Trigo";"U$S 198.11"
"07-02-25";"Córdoba";"Trigo";"U$S 210.24"
"13-02-25";"Córdoba";"Trigo";"U$S 206.1"
"14-02-25";"Córdoba";"Trigo";"U$S 208.38"
"18-02-25";"Córdoba";"Trigo";"U$S 207.74"
"19-02-25";"Córdoba";"Trigo";"U$S 205.93"
"20-02-25";"Córdoba";"Trigo";"U$S 206.96"
"24-02-25";"Córdoba";"Trigo";"U$S 209.02"
"14-03-25";"Córdoba";"Trigo";"U$S 206.83"
"19-03-25";"Córdoba";"Trigo";"U$S 212.45"
"20-03-25";"Córdoba";"Trigo";"U$S 219.66"
"25-03-25";"Córdoba";"Trigo";"U$S 215.93"
"26-03-25";"Córdoba";"Trigo";"U$S 216.27"
"27-03-25";"Córdoba";"Trigo";"U$S 216.55"
"01-04-25";"Córdoba";"Trigo";"U$S 218.66"
"07-04-25";"Córdoba";"Trigo";"U$S 218.5"
"08-04-25";"Córdoba";"Trigo";"U$S 220.43"
"09-04-25";"Córdoba";"Trigo";"U$S 220.22"
"11-04-25";"Córdoba";"Trigo";"U$S 220.77"
"16-04-25";"Córdoba";"Trigo";"U$S 218.22"
"25-04-25";"Córdoba";"Trigo";"U$S 201.72"
"05-05-25";"Córdoba";"Trigo";"U$S 194.17"
"06-05-25";"Córdoba";"Trigo";"U$S 196.82"
"12-05-25";"Córdoba";"Trigo";"U$S 199.65"
"26-05-25";"Córdoba";"Trigo";"U$S 198.04"
"03-06-25";"Córdoba";"Trigo";"U$S 196.7"
"10-06-25";"Córdoba";"Trigo";"U$S 164.91"
"11-06-25";"Córdoba";"Trigo";"U$S 199.66"
"12-06-25";"Córdoba";"Trigo";"U$S 204.22"
"19-06-25";"Córdoba";"Trigo";"U$S 195.35"
"24-06-25";"Córdoba";"Trigo";"U$S 196.65"
"03-07-25";"Córdoba";"Trigo";"U$S 193.4"
"04-07-25";"Córdoba";"Trigo";"U$S 196.56"
"21-01-25";"Quequén";"Girasol";"U$S 329.05"
"31-01-25";"Quequén";"Girasol";"U$S 339.03"
"04-02-25";"Quequén";"Girasol";"U$S 203.94"
"05-02-25";"Quequén";"Girasol";"U$S 339.03"
"07-02-25";"Quequén";"Girasol";"U$S 329.06"
"10-02-25";"Quequén";"Girasol";"U$S 329.06"
"17-02-25";"Quequén";"Girasol";"U$S 329.07"
"04-03-25";"Quequén";"Girasol";"U$S 329.07"
"05-03-25";"Quequén";"Girasol";"U$S 329.07"
"06-03-25";"Quequén";"Girasol";"U$S 329.07"
"07-03-25";"Quequén";"Girasol";"U$S 329.07"
"10-03-25";"Quequén";"Girasol";"U$S 329.07"
"12-03-25";"Quequén";"Girasol";"U$S 328.99"
"14-03-25";"Quequén";"Girasol";"U$S 309.03"
"17-03-25";"Quequén";"Girasol";"U$S 314.12"
"18-03-25";"Quequén";"Girasol";"U$S 319.1"
"19-03-25";"Quequén";"Girasol";"U$S 309.13"
"20-03-25";"Quequén";"Girasol";"U$S 309.13"
"21-03-25";"Quequén";"Girasol";"U$S 309.13"
"25-03-25";"Quequén";"Girasol";"U$S 309.13"
"26-03-25";"Quequén";"Girasol";"U$S 309.13"
"27-03-25";"Quequén";"Girasol";"U$S 309.13"
"28-03-25";"Quequén";"Girasol";"U$S 309.13"
"31-03-25";"Quequén";"Girasol";"U$S 309.13"
"01-04-25";"Quequén";"Girasol";"U$S 309.13"
"03-04-25";"Quequén";"Girasol";"U$S 309.42"
"04-04-25";"Quequén";"Girasol";"U$S 309.14"
"07-04-25";"Quequén";"Girasol";"U$S 309.14"
"08-04-25";"Quequén";"Girasol";"U$S 306.62"
"09-04-25";"Quequén";"Girasol";"U$S 308.71"
"10-04-25";"Quequén";"Girasol";"U$S 308.7"
"11-04-25";"Quequén";"Girasol";"U$S 308.71"
"14-04-25";"Quequén";"Girasol";"U$S 297.75"
"15-04-25";"Quequén";"Girasol";"U$S 297.75"
"16-04-25";"Quequén";"Girasol";"U$S 297.62"
"21-04-25";"Quequén";"Girasol";"U$S 297.53"
"22-04-25";"Quequén";"Girasol";"U$S 297.55"
"24-04-25";"Quequén";"Girasol";"U$S 273.1"
"25-04-25";"Quequén";"Girasol";"U$S 297.69"
"28-04-25";"Quequén";"Girasol";"U$S 297.71"
"29-04-25";"Quequén";"Girasol";"U$S 297.68"
"30-04-25";"Quequén";"Girasol";"U$S 297.69"
"05-05-25";"Quequén";"Girasol";"U$S 297.75"
"06-05-25";"Quequén";"Girasol";"U$S 304.41"
"07-05-25";"Quequén";"Girasol";"U$S 297.6"
"08-05-25";"Quequén";"Girasol";"U$S 297.58"
"09-05-25";"Quequén";"Girasol";"U$S 297.62"
"12-05-25";"Quequén";"Girasol";"U$S 297.61"
"13-05-25";"Quequén";"Girasol";"U$S 299.33"
"14-05-25";"Quequén";"Girasol";"U$S 297.61"
"15-05-25";"Quequén";"Girasol";"U$S 297.63"
"16-05-25";"Quequén";"Girasol";"U$S 297.64"
"19-05-25";"Quequén";"Girasol";"U$S 297.63"
"20-05-25";"Quequén";"Girasol";"U$S 297.51"
"22-05-25";"Quequén";"Girasol";"U$S 297.62"
"26-05-25";"Quequén";"Girasol";"U$S 297.64"
"29-05-25";"Quequén";"Girasol";"U$S 297.72"
"30-05-25";"Quequén";"Girasol";"U$S 297.73"
"02-06-25";"Quequén";"Girasol";"U$S 298.6"
"03-06-25";"Quequén";"Girasol";"U$S 297.72"
"06-06-25";"Quequén";"Girasol";"U$S 297.72"
"09-06-25";"Quequén";"Girasol";"U$S 297.72"
"12-06-25";"Quequén";"Girasol";"U$S 297.72"
"17-06-25";"Quequén";"Girasol";"U$S 297.67"
"18-06-25";"Quequén";"Girasol";"U$S 297.64"
"19-06-25";"Quequén";"Girasol";"U$S 300"
"23-06-25";"Quequén";"Girasol";"U$S 297.69"
"24-06-25";"Quequén";"Girasol";"U$S 297.7"
"25-06-25";"Quequén";"Girasol";"U$S 297.73"
"26-06-25";"Quequén";"Girasol";"U$S 297.73"
"27-06-25";"Quequén";"Girasol";"U$S 297.73"
"30-06-25";"Quequén";"Girasol";"U$S 297.76"
"01-07-25";"Quequén";"Girasol";"U$S 297.79"
"02-07-25";"Quequén";"Girasol";"U$S 297.8"
"04-07-25";"Quequén";"Girasol";"U$S 297.82"
"08-07-25";"Quequén";"Girasol";"U$S 300.24"
"10-07-25";"Quequén";"Girasol";"U$S 297.85"
"11-07-25";"Quequén";"Girasol";"U$S 297.86"
"14-07-25";"Quequén";"Girasol";"U$S 297.89"
"15-07-25";"Quequén";"Girasol";"U$S 297.86"
"16-07-25";"Quequén";"Girasol";"U$S 297.86"
"17-07-25";"Quequén";"Girasol";"U$S 297.88"
"18-07-25";"Quequén";"Girasol";"U$S 297.9"
"21-07-25";"Quequén";"Girasol";"U$S 297.88"
"22-07-25";"Quequén";"Girasol";"U$S 297.85"
"23-07-25";"Quequén";"Girasol";"U$S 297.74"
"24-07-25";"Quequén";"Girasol";"U$S 297.88"
"30-12-24";"Quequén";"Maiz";"U$S 184.11"
"02-01-25";"Quequén";"Maiz";"U$S 184.02"
"08-01-25";"Quequén";"Maiz";"U$S 186.11"
"10-01-25";"Quequén";"Maiz";"U$S 191.82"
"13-01-25";"Quequén";"Maiz";"U$S 192.31"
"14-01-25";"Quequén";"Maiz";"U$S 192.12"
"15-01-25";"Quequén";"Maiz";"U$S 191.94"
"16-01-25";"Quequén";"Maiz";"U$S 191.94"
"17-01-25";"Quequén";"Maiz";"U$S 191.57"
"20-01-25";"Quequén";"Maiz";"U$S 191.11"
"21-01-25";"Quequén";"Maiz";"U$S 195.8"
"22-01-25";"Quequén";"Maiz";"U$S 192.75"
"23-01-25";"Quequén";"Maiz";"U$S 200.29"
"29-01-25";"Quequén";"Maiz";"U$S 204.47"
"06-02-25";"Quequén";"Maiz";"U$S 208.58"
"24-02-25";"Quequén";"Maiz";"U$S 202.64"
"25-02-25";"Quequén";"Maiz";"U$S 197.83"
"26-02-25";"Quequén";"Maiz";"U$S 197.79"
"27-02-25";"Quequén";"Maiz";"U$S 197.69"
"04-03-25";"Quequén";"Maiz";"U$S 194.41"
"05-03-25";"Quequén";"Maiz";"U$S 194.5"
"10-03-25";"Quequén";"Maiz";"U$S 197"
"17-03-25";"Quequén";"Maiz";"U$S 196.54"
"19-03-25";"Quequén";"Maiz";"U$S 200.98"
"21-03-25";"Quequén";"Maiz";"U$S 209.99"
"26-03-25";"Quequén";"Maiz";"U$S 209.94"
"31-03-25";"Quequén";"Maiz";"U$S 209.5"
"01-04-25";"Quequén";"Maiz";"U$S 207.49"
"07-04-25";"Quequén";"Maiz";"U$S 209.11"
"08-04-25";"Quequén";"Maiz";"U$S 209.06"
"09-04-25";"Quequén";"Maiz";"U$S 208.87"
"10-04-25";"Quequén";"Maiz";"U$S 208.91"
"22-04-25";"Quequén";"Maiz";"U$S 198.37"
"24-04-25";"Quequén";"Maiz";"U$S 182.07"
"28-04-25";"Quequén";"Maiz";"U$S 198.47"
"30-04-25";"Quequén";"Maiz";"U$S 193.5"
"05-05-25";"Quequén";"Maiz";"U$S 188.58"
"06-05-25";"Quequén";"Maiz";"U$S 192.79"
"07-05-25";"Quequén";"Maiz";"U$S 188.48"
"09-05-25";"Quequén";"Maiz";"U$S 178.57"
"12-05-25";"Quequén";"Maiz";"U$S 178.57"
"13-05-25";"Quequén";"Maiz";"U$S 179.6"
"14-05-25";"Quequén";"Maiz";"U$S 181.55"
"15-05-25";"Quequén";"Maiz";"U$S 181.55"
"16-05-25";"Quequén";"Maiz";"U$S 181.56"
"19-05-25";"Quequén";"Maiz";"U$S 178.58"
"20-05-25";"Quequén";"Maiz";"U$S 182.07"
"22-05-25";"Quequén";"Maiz";"U$S 183.53"
"23-05-25";"Quequén";"Maiz";"U$S 181.55"
"06-06-25";"Quequén";"Maiz";"U$S 170.69"
"10-06-25";"Quequén";"Maiz";"U$S 168.28"
"12-06-25";"Quequén";"Maiz";"U$S 168.71"
"17-06-25";"Quequén";"Maiz";"U$S 170.67"
"30-06-25";"Quequén";"Maiz";"U$S 168.73"
"02-07-25";"Quequén";"Maiz";"U$S 163.79"
"03-07-25";"Quequén";"Maiz";"U$S 166.77"
"04-07-25";"Quequén";"Maiz";"U$S 168.77"
"08-07-25";"Quequén";"Maiz";"U$S 165.13"
"11-07-25";"Quequén";"Maiz";"U$S 164.88"
"17-07-25";"Quequén";"Maiz";"U$S 170.33"
"18-07-25";"Quequén";"Maiz";"U$S 170.8"
"22-07-25";"Quequén";"Maiz";"U$S 168.78"
"15-04-25";"Quequén";"Soja";"U$S 270.83"
"21-04-25";"Quequén";"Soja";"U$S 269.65"
"25-04-25";"Quequén";"Soja";"U$S 267.92"
"28-04-25";"Quequén";"Soja";"U$S 307.63"
"29-04-25";"Quequén";"Soja";"U$S 259.98"
"30-04-25";"Quequén";"Soja";"U$S 256.02"
"05-05-25";"Quequén";"Soja";"U$S 258.33"
"06-05-25";"Quequén";"Soja";"U$S 263.82"
"07-05-25";"Quequén";"Soja";"U$S 266.85"
"08-05-25";"Quequén";"Soja";"U$S 267.82"
"09-05-25";"Quequén";"Soja";"U$S 272.82"
"12-05-25";"Quequén";"Soja";"U$S 276.78"
"13-05-25";"Quequén";"Soja";"U$S 274.39"
"14-05-25";"Quequén";"Soja";"U$S 272.81"
"15-05-25";"Quequén";"Soja";"U$S 267.86"
"16-05-25";"Quequén";"Soja";"U$S 267.87"
"19-05-25";"Quequén";"Soja";"U$S 272.24"
"20-05-25";"Quequén";"Soja";"U$S 272.71"
"21-05-25";"Quequén";"Soja";"U$S 272.34"
"22-05-25";"Quequén";"Soja";"U$S 273.01"
"23-05-25";"Quequén";"Soja";"U$S 267.86"
"26-05-25";"Quequén";"Soja";"U$S 267.87"
"27-05-25";"Quequén";"Soja";"U$S 267.9"
"29-05-25";"Quequén";"Soja";"U$S 267.95"
"02-06-25";"Quequén";"Soja";"U$S 263.77"
"03-06-25";"Quequén";"Soja";"U$S 267.95"
"06-06-25";"Quequén";"Soja";"U$S 267.95"
"09-06-25";"Quequén";"Soja";"U$S 272.42"
"11-06-25";"Quequén";"Soja";"U$S 273.6"
"12-06-25";"Quequén";"Soja";"U$S 272.91"
"17-06-25";"Quequén";"Soja";"U$S 276.84"
"18-06-25";"Quequén";"Soja";"U$S 277.5"
"24-06-25";"Quequén";"Soja";"U$S 277.85"
"26-06-25";"Quequén";"Soja";"U$S 272.92"
"27-06-25";"Quequén";"Soja";"U$S 272.92"
"30-06-25";"Quequén";"Soja";"U$S 272.95"
"03-07-25";"Quequén";"Soja";"U$S 255.89"
"04-07-25";"Quequén";"Soja";"U$S 254.03"
"07-07-25";"Quequén";"Soja";"U$S 249.21"
"10-07-25";"Quequén";"Soja";"U$S 254.98"
"11-07-25";"Quequén";"Soja";"U$S 258.15"
"14-07-25";"Quequén";"Soja";"U$S 257.81"
"15-07-25";"Quequén";"Soja";"U$S 261.9"
"16-07-25";"Quequén";"Soja";"U$S 263.11"
"17-07-25";"Quequén";"Soja";"U$S 260.6"
"18-07-25";"Quequén";"Soja";"U$S 263.15"
"21-07-25";"Quequén";"Soja";"U$S 258.66"
"22-07-25";"Quequén";"Soja";"U$S 263.1"
"24-07-25";"Quequén";"Soja";"U$S 265.72"
"30-12-24";"Quequén";"Trigo";"U$S 180.23"
"02-01-25";"Quequén";"Trigo";"U$S 179.18"
"03-01-25";"Quequén";"Trigo";"U$S 182.18"
"06-01-25";"Quequén";"Trigo";"U$S 182.04"
"07-01-25";"Quequén";"Trigo";"U$S 178.57"
"08-01-25";"Quequén";"Trigo";"U$S 184.95"
"10-01-25";"Quequén";"Trigo";"U$S 183.93"
"13-01-25";"Quequén";"Trigo";"U$S 183.27"
"14-01-25";"Quequén";"Trigo";"U$S 182.52"
"15-01-25";"Quequén";"Trigo";"U$S 182.34"
"16-01-25";"Quequén";"Trigo";"U$S 183.01"
"17-01-25";"Quequén";"Trigo";"U$S 182.28"
"20-01-25";"Quequén";"Trigo";"U$S 184.04"
"21-01-25";"Quequén";"Trigo";"U$S 186.06"
"22-01-25";"Quequén";"Trigo";"U$S 187.6"
"23-01-25";"Quequén";"Trigo";"U$S 185.98"
"27-01-25";"Quequén";"Trigo";"U$S 190.39"
"28-01-25";"Quequén";"Trigo";"U$S 192.58"
"29-01-25";"Quequén";"Trigo";"U$S 196.67"
"30-01-25";"Quequén";"Trigo";"U$S 199.33"
"31-01-25";"Quequén";"Trigo";"U$S 199.29"
"03-02-25";"Quequén";"Trigo";"U$S 199.1"
"04-02-25";"Quequén";"Trigo";"U$S 199.86"
"05-02-25";"Quequén";"Trigo";"U$S 203.79"
"06-02-25";"Quequén";"Trigo";"U$S 208.58"
"07-02-25";"Quequén";"Trigo";"U$S 208.62"
"10-02-25";"Quequén";"Trigo";"U$S 208.23"
"11-02-25";"Quequén";"Trigo";"U$S 208.23"
"12-02-25";"Quequén";"Trigo";"U$S 208"
"13-02-25";"Quequén";"Trigo";"U$S 203.26"
"14-02-25";"Quequén";"Trigo";"U$S 206.19"
"17-02-25";"Quequén";"Trigo";"U$S 207.69"
"18-02-25";"Quequén";"Trigo";"U$S 207.74"
"19-02-25";"Quequén";"Trigo";"U$S 207.69"
"20-02-25";"Quequén";"Trigo";"U$S 207.6"
"21-02-25";"Quequén";"Trigo";"U$S 207.4"
"24-02-25";"Quequén";"Trigo";"U$S 207.35"
"25-02-25";"Quequén";"Trigo";"U$S 207.25"
"26-02-25";"Quequén";"Trigo";"U$S 207.21"
"06-03-25";"Quequén";"Trigo";"U$S 197.28"
"07-03-25";"Quequén";"Trigo";"U$S 196.91"
"17-03-25";"Quequén";"Trigo";"U$S 205.9"
"18-03-25";"Quequén";"Trigo";"U$S 205.8"
"21-03-25";"Quequén";"Trigo";"U$S 212.79"
"25-03-25";"Quequén";"Trigo";"U$S 212.64"
"27-03-25";"Quequén";"Trigo";"U$S 211.7"
"28-03-25";"Quequén";"Trigo";"U$S 209.59"
"01-04-25";"Quequén";"Trigo";"U$S 214"
"08-04-25";"Quequén";"Trigo";"U$S 213.7"
"09-04-25";"Quequén";"Trigo";"U$S 213.51"
"21-04-25";"Quequén";"Trigo";"U$S 203.31"
"22-04-25";"Quequén";"Trigo";"U$S 203.33"
"24-04-25";"Quequén";"Trigo";"U$S 184.8"
"05-05-25";"Quequén";"Trigo";"U$S 196.52"
"09-05-25";"Quequén";"Trigo";"U$S 190.48"
"15-05-25";"Quequén";"Trigo";"U$S 188.5"
"02-06-25";"Quequén";"Trigo";"U$S 194.09"
"03-06-25";"Quequén";"Trigo";"U$S 193.52"
"10-06-25";"Quequén";"Trigo";"U$S 160.45"
"12-06-25";"Quequén";"Trigo";"U$S 191.53"
"17-06-25";"Quequén";"Trigo";"U$S 193.49"
"19-06-25";"Quequén";"Trigo";"U$S 195"
"24-06-25";"Quequén";"Trigo";"U$S 191.52"
"25-06-25";"Quequén";"Trigo";"U$S 193.53"
"26-06-25";"Quequén";"Trigo";"U$S 190.55"
"18-07-25";"Quequén";"Trigo";"U$S 188.67"
"21-07-25";"Quequén";"Trigo";"U$S 188.66"
"30-12-24";"Rosario";"Girasol";"U$S 363.37"
"02-01-25";"Rosario";"Girasol";"U$S 360.29"
"03-01-25";"Rosario";"Girasol";"U$S 359.25"
"06-01-25";"Rosario";"Girasol";"U$S 349.59"
"07-01-25";"Rosario";"Girasol";"U$S 350.39"
"08-01-25";"Rosario";"Girasol";"U$S 349.25"
"13-01-25";"Rosario";"Girasol";"U$S 346.15"
"14-01-25";"Rosario";"Girasol";"U$S 343.9"
"15-01-25";"Rosario";"Girasol";"U$S 340.69"
"16-01-25";"Rosario";"Girasol";"U$S 338.77"
"17-01-25";"Rosario";"Girasol";"U$S 338.12"
"20-01-25";"Rosario";"Girasol";"U$S 337.31"
"21-01-25";"Rosario";"Girasol";"U$S 339.06"
"22-01-25";"Rosario";"Girasol";"U$S 338.74"
"23-01-25";"Rosario";"Girasol";"U$S 338.58"
"28-01-25";"Rosario";"Girasol";"U$S 339.03"
"29-01-25";"Rosario";"Girasol";"U$S 339.03"
"30-01-25";"Rosario";"Girasol";"U$S 349"
"31-01-25";"Rosario";"Girasol";"U$S 348.93"
"03-02-25";"Rosario";"Girasol";"U$S 349.06"
"05-02-25";"Rosario";"Girasol";"U$S 348.98"
"06-02-25";"Rosario";"Girasol";"U$S 348.9"
"07-02-25";"Rosario";"Girasol";"U$S 345.73"
"10-02-25";"Rosario";"Girasol";"U$S 345.48"
"11-02-25";"Rosario";"Girasol";"U$S 348.32"
"12-02-25";"Rosario";"Girasol";"U$S 348.24"
"13-02-25";"Rosario";"Girasol";"U$S 349"
"14-02-25";"Rosario";"Girasol";"U$S 348.97"
"17-02-25";"Rosario";"Girasol";"U$S 349.02"
"18-02-25";"Rosario";"Girasol";"U$S 349.1"
"20-02-25";"Rosario";"Girasol";"U$S 351.97"
"21-02-25";"Rosario";"Girasol";"U$S 351.64"
"24-02-25";"Rosario";"Girasol";"U$S 349.01"
"25-02-25";"Rosario";"Girasol";"U$S 338.2"
"26-02-25";"Rosario";"Girasol";"U$S 329.64"
"27-02-25";"Rosario";"Girasol";"U$S 329.49"
"04-03-25";"Rosario";"Girasol";"U$S 328.72"
"05-03-25";"Rosario";"Girasol";"U$S 329.06"
"06-03-25";"Rosario";"Girasol";"U$S 329.07"
"07-03-25";"Rosario";"Girasol";"U$S 328.46"
"10-03-25";"Rosario";"Girasol";"U$S 328.8"
"12-03-25";"Rosario";"Girasol";"U$S 328.57"
"14-03-25";"Rosario";"Girasol";"U$S 318.2"
"25-03-25";"Rosario";"Girasol";"U$S 298.58"
"27-03-25";"Rosario";"Girasol";"U$S 298.44"
"28-03-25";"Rosario";"Girasol";"U$S 299.02"
"31-03-25";"Rosario";"Girasol";"U$S 299.16"
"01-04-25";"Rosario";"Girasol";"U$S 299.14"
"03-04-25";"Rosario";"Girasol";"U$S 299.07"
"15-04-25";"Rosario";"Girasol";"U$S 295.83"
"22-04-25";"Rosario";"Girasol";"U$S 297.55"
"25-04-25";"Rosario";"Girasol";"U$S 297.56"
"09-05-25";"Rosario";"Girasol";"U$S 302.64"
"12-05-25";"Rosario";"Girasol";"U$S 303"
"15-05-25";"Rosario";"Girasol";"U$S 337.31"
"16-05-25";"Rosario";"Girasol";"U$S 337.3"
"19-05-25";"Rosario";"Girasol";"U$S 341.81"
"20-05-25";"Rosario";"Girasol";"U$S 343.98"
"21-05-25";"Rosario";"Girasol";"U$S 344.24"
"22-05-25";"Rosario";"Girasol";"U$S 347.25"
"23-05-25";"Rosario";"Girasol";"U$S 347.15"
"26-05-25";"Rosario";"Girasol";"U$S 347.24"
"27-05-25";"Rosario";"Girasol";"U$S 347.23"
"28-05-25";"Rosario";"Girasol";"U$S 347.24"
"29-05-25";"Rosario";"Girasol";"U$S 346.58"
"02-06-25";"Rosario";"Girasol";"U$S 347.31"
"03-06-25";"Rosario";"Girasol";"U$S 347.34"
"09-06-25";"Rosario";"Girasol";"U$S 342.38"
"10-06-25";"Rosario";"Girasol";"U$S 297.01"
"17-06-25";"Rosario";"Girasol";"U$S 327.59"
"23-07-25";"Rosario";"Girasol";"U$S 337.31"
"30-12-24";"Rosario";"Maiz";"U$S 184.11"
"02-01-25";"Rosario";"Maiz";"U$S 184.02"
"03-01-25";"Rosario";"Maiz";"U$S 183.49"
"06-01-25";"Rosario";"Maiz";"U$S 185.32"
"07-01-25";"Rosario";"Maiz";"U$S 1870.66"
"08-01-25";"Rosario";"Maiz";"U$S 188.13"
"10-01-25";"Rosario";"Maiz";"U$S 192.4"
"13-01-25";"Rosario";"Maiz";"U$S 197.12"
"14-01-25";"Rosario";"Maiz";"U$S 196.93"
"15-01-25";"Rosario";"Maiz";"U$S 197.7"
"16-01-25";"Rosario";"Maiz";"U$S 196.74"
"17-01-25";"Rosario";"Maiz";"U$S 200.19"
"20-01-25";"Rosario";"Maiz";"U$S 197.32"
"21-01-25";"Rosario";"Maiz";"U$S 199.9"
"22-01-25";"Rosario";"Maiz";"U$S 201.81"
"23-01-25";"Rosario";"Maiz";"U$S 203.15"
"28-01-25";"Rosario";"Maiz";"U$S 204.57"
"29-01-25";"Rosario";"Maiz";"U$S 210.65"
"30-01-25";"Rosario";"Maiz";"U$S 212.93"
"31-01-25";"Rosario";"Maiz";"U$S 211.68"
"03-02-25";"Rosario";"Maiz";"U$S 211.52"
"04-02-25";"Rosario";"Maiz";"U$S 213.42"
"05-02-25";"Rosario";"Maiz";"U$S 212.42"
"06-02-25";"Rosario";"Maiz";"U$S 212.37"
"07-02-25";"Rosario";"Maiz";"U$S 208.38"
"10-02-25";"Rosario";"Maiz";"U$S 208.23"
"11-02-25";"Rosario";"Maiz";"U$S 208.23"
"12-02-25";"Rosario";"Maiz";"U$S 207.24"
"13-02-25";"Rosario";"Maiz";"U$S 206.1"
"14-02-25";"Rosario";"Maiz";"U$S 205.06"
"17-02-25";"Rosario";"Maiz";"U$S 202.97"
"18-02-25";"Rosario";"Maiz";"U$S 203.97"
"19-02-25";"Rosario";"Maiz";"U$S 204.86"
"20-02-25";"Rosario";"Maiz";"U$S 205.71"
"21-02-25";"Rosario";"Maiz";"U$S 202.69"
"24-02-25";"Rosario";"Maiz";"U$S 199.81"
"25-02-25";"Rosario";"Maiz";"U$S 199.25"
"26-02-25";"Rosario";"Maiz";"U$S 202.02"
"27-02-25";"Rosario";"Maiz";"U$S 202.21"
"04-03-25";"Rosario";"Maiz";"U$S 201.74"
"05-03-25";"Rosario";"Maiz";"U$S 195.91"
"06-03-25";"Rosario";"Maiz";"U$S 199.15"
"07-03-25";"Rosario";"Maiz";"U$S 196.91"
"10-03-25";"Rosario";"Maiz";"U$S 194.65"
"12-03-25";"Rosario";"Maiz";"U$S 194.98"
"14-03-25";"Rosario";"Maiz";"U$S 193.73"
"17-03-25";"Rosario";"Maiz";"U$S 193.26"
"18-03-25";"Rosario";"Maiz";"U$S 194.01"
"19-03-25";"Rosario";"Maiz";"U$S 194.91"
"20-03-25";"Rosario";"Maiz";"U$S 196.35"
"21-03-25";"Rosario";"Maiz";"U$S 195.99"
"25-03-25";"Rosario";"Maiz";"U$S 195.01"
"26-03-25";"Rosario";"Maiz";"U$S 195.94"
"27-03-25";"Rosario";"Maiz";"U$S 194.92"
"28-03-25";"Rosario";"Maiz";"U$S 193.76"
"31-03-25";"Rosario";"Maiz";"U$S 195.53"
"01-04-25";"Rosario";"Maiz";"U$S 195.39"
"03-04-25";"Rosario";"Maiz";"U$S 198.6"
"04-04-25";"Rosario";"Maiz";"U$S 199.35"
"07-04-25";"Rosario";"Maiz";"U$S 199.81"
"08-04-25";"Rosario";"Maiz";"U$S 202.56"
"09-04-25";"Rosario";"Maiz";"U$S 206.08"
"10-04-25";"Rosario";"Maiz";"U$S 208.45"
"11-04-25";"Rosario";"Maiz";"U$S 208.72"
"14-04-25";"Rosario";"Maiz";"U$S 191.99"
"15-04-25";"Rosario";"Maiz";"U$S 197.92"
"16-04-25";"Rosario";"Maiz";"U$S 204.41"
"21-04-25";"Rosario";"Maiz";"U$S 197.44"
"22-04-25";"Rosario";"Maiz";"U$S 199.28"
"24-04-25";"Rosario";"Maiz";"U$S 196.76"
"25-04-25";"Rosario";"Maiz";"U$S 199.23"
"28-04-25";"Rosario";"Maiz";"U$S 196.1"
"29-04-25";"Rosario";"Maiz";"U$S 195.71"
"30-04-25";"Rosario";"Maiz";"U$S 194.87"
"05-05-25";"Rosario";"Maiz";"U$S 184.17"
"06-05-25";"Rosario";"Maiz";"U$S 187.19"
"07-05-25";"Rosario";"Maiz";"U$S 186.83"
"08-05-25";"Rosario";"Maiz";"U$S 183.12"
"09-05-25";"Rosario";"Maiz";"U$S 182.22"
"12-05-25";"Rosario";"Maiz";"U$S 182.86"
"13-05-25";"Rosario";"Maiz";"U$S 183.03"
"14-05-25";"Rosario";"Maiz";"U$S 183.75"
"15-05-25";"Rosario";"Maiz";"U$S 185.41"
"16-05-25";"Rosario";"Maiz";"U$S 186.51"
"19-05-25";"Rosario";"Maiz";"U$S 184.05"
"20-05-25";"Rosario";"Maiz";"U$S 185.56"
"21-05-25";"Rosario";"Maiz";"U$S 185.86"
"22-05-25";"Rosario";"Maiz";"U$S 184.94"
"23-05-25";"Rosario";"Maiz";"U$S 181.74"
"26-05-25";"Rosario";"Maiz";"U$S 181.1"
"27-05-25";"Rosario";"Maiz";"U$S 182.35"
"28-05-25";"Rosario";"Maiz";"U$S 181.03"
"29-05-25";"Rosario";"Maiz";"U$S 177.26"
"30-05-25";"Rosario";"Maiz";"U$S 175.93"
"02-06-25";"Rosario";"Maiz";"U$S 173.66"
"03-06-25";"Rosario";"Maiz";"U$S 173.31"
"06-06-25";"Rosario";"Maiz";"U$S 171.83"
"09-06-25";"Rosario";"Maiz";"U$S 171.22"
"10-06-25";"Rosario";"Maiz";"U$S 172.49"
"11-06-25";"Rosario";"Maiz";"U$S 173.43"
"12-06-25";"Rosario";"Maiz";"U$S 173"
"13-06-25";"Rosario";"Maiz";"U$S 173.86"
"17-06-25";"Rosario";"Maiz";"U$S 173.28"
"18-06-25";"Rosario";"Maiz";"U$S 173.3"
"19-06-25";"Rosario";"Maiz";"U$S 172.12"
"23-06-25";"Rosario";"Maiz";"U$S 172.5"
"24-06-25";"Rosario";"Maiz";"U$S 170.29"
"25-06-25";"Rosario";"Maiz";"U$S 168.69"
"26-06-25";"Rosario";"Maiz";"U$S 169.65"
"27-06-25";"Rosario";"Maiz";"U$S 169.47"
"30-06-25";"Rosario";"Maiz";"U$S 167.72"
"01-07-25";"Rosario";"Maiz";"U$S 166.12"
"02-07-25";"Rosario";"Maiz";"U$S 165.99"
"03-07-25";"Rosario";"Maiz";"U$S 169.54"
"04-07-25";"Rosario";"Maiz";"U$S 166.13"
"07-07-25";"Rosario";"Maiz";"U$S 166.14"
"08-07-25";"Rosario";"Maiz";"U$S 166.14"
"10-07-25";"Rosario";"Maiz";"U$S 168.78"
"11-07-25";"Rosario";"Maiz";"U$S 168.85"
"14-07-25";"Rosario";"Maiz";"U$S 168.67"
"15-07-25";"Rosario";"Maiz";"U$S 173.02"
"16-07-25";"Rosario";"Maiz";"U$S 174.39"
"17-07-25";"Rosario";"Maiz";"U$S 173.47"
"18-07-25";"Rosario";"Maiz";"U$S 172.63"
"21-07-25";"Rosario";"Maiz";"U$S 170.98"
"22-07-25";"Rosario";"Maiz";"U$S 171.91"
"23-07-25";"Rosario";"Maiz";"U$S 176.4"
"24-07-25";"Rosario";"Maiz";"U$S 177.75"
"30-12-24";"Rosario";"Soja";"U$S 276.16"
"02-01-25";"Rosario";"Soja";"U$S 280.87"
"03-01-25";"Rosario";"Soja";"U$S 275.23"
"06-01-25";"Rosario";"Soja";"U$S 279.09"
"07-01-25";"Rosario";"Soja";"U$S 277.99"
"08-01-25";"Rosario";"Soja";"U$S 277.76"
"10-01-25";"Rosario";"Soja";"U$S 281.39"
"13-01-25";"Rosario";"Soja";"U$S 283.65"
"14-01-25";"Rosario";"Soja";"U$S 283.38"
"15-01-25";"Rosario";"Soja";"U$S 283.11"
"16-01-25";"Rosario";"Soja";"U$S 273.51"
"17-01-25";"Rosario";"Soja";"U$S 277.78"
"20-01-25";"Rosario";"Soja";"U$S 277.11"
"21-01-25";"Rosario";"Soja";"U$S 279.85"
"22-01-25";"Rosario";"Soja";"U$S 281.49"
"23-01-25";"Rosario";"Soja";"U$S 281.83"
"28-01-25";"Rosario";"Soja";"U$S 294.96"
"29-01-25";"Rosario";"Soja";"U$S 299.57"
"30-01-25";"Rosario";"Soja";"U$S 299.43"
"31-01-25";"Rosario";"Soja";"U$S 299"
"03-02-25";"Rosario";"Soja";"U$S 298.79"
"04-02-25";"Rosario";"Soja";"U$S 303.53"
"05-02-25";"Rosario";"Soja";"U$S 303.46"
"06-02-25";"Rosario";"Soja";"U$S 303.39"
"07-02-25";"Rosario";"Soja";"U$S 305"
"10-02-25";"Rosario";"Soja";"U$S 304.78"
"11-02-25";"Rosario";"Soja";"U$S 307.62"
"12-02-25";"Rosario";"Soja";"U$S 302.82"
"13-02-25";"Rosario";"Soja";"U$S 307.26"
"14-02-25";"Rosario";"Soja";"U$S 311.84"
"17-02-25";"Rosario";"Soja";"U$S 311.54"
"18-02-25";"Rosario";"Soja";"U$S 312.94"
"19-02-25";"Rosario";"Soja";"U$S 312.86"
"20-02-25";"Rosario";"Soja";"U$S 313.28"
"21-02-25";"Rosario";"Soja";"U$S 311.1"
"24-02-25";"Rosario";"Soja";"U$S 307.26"
"25-02-25";"Rosario";"Soja";"U$S 310.88"
"26-02-25";"Rosario";"Soja";"U$S 310.81"
"27-02-25";"Rosario";"Soja";"U$S 311.6"
"04-03-25";"Rosario";"Soja";"U$S 302.89"
"05-03-25";"Rosario";"Soja";"U$S 299.27"
"06-03-25";"Rosario";"Soja";"U$S 309.07"
"07-03-25";"Rosario";"Soja";"U$S 309.42"
"10-03-25";"Rosario";"Soja";"U$S 308.16"
"12-03-25";"Rosario";"Soja";"U$S 308.41"
"14-03-25";"Rosario";"Soja";"U$S 299.49"
"17-03-25";"Rosario";"Soja";"U$S 300.42"
"18-03-25";"Rosario";"Soja";"U$S 304.02"
"19-03-25";"Rosario";"Soja";"U$S 306.15"
"20-03-25";"Rosario";"Soja";"U$S 306.69"
"21-03-25";"Rosario";"Soja";"U$S 305.65"
"25-03-25";"Rosario";"Soja";"U$S 308.37"
"26-03-25";"Rosario";"Soja";"U$S 317.24"
"27-03-25";"Rosario";"Soja";"U$S 319.89"
"31-03-25";"Rosario";"Soja";"U$S 319.37"
"01-04-25";"Rosario";"Soja";"U$S 293.09"
"03-04-25";"Rosario";"Soja";"U$S 293.02"
"04-04-25";"Rosario";"Soja";"U$S 288.1"
"07-04-25";"Rosario";"Soja";"U$S 288.1"
"08-04-25";"Rosario";"Soja";"U$S 297.33"
"09-04-25";"Rosario";"Soja";"U$S 300.77"
"10-04-25";"Rosario";"Soja";"U$S 301.76"
"11-04-25";"Rosario";"Soja";"U$S 306.12"
"14-04-25";"Rosario";"Soja";"U$S 275.46"
"15-04-25";"Rosario";"Soja";"U$S 279.17"
"16-04-25";"Rosario";"Soja";"U$S 279.74"
"21-04-25";"Rosario";"Soja";"U$S 276.51"
"22-04-25";"Rosario";"Soja";"U$S 275.82"
"24-04-25";"Rosario";"Soja";"U$S 268.31"
"25-04-25";"Rosario";"Soja";"U$S 265.07"
"28-04-25";"Rosario";"Soja";"U$S 263.16"
"29-04-25";"Rosario";"Soja";"U$S 259.23"
"30-04-25";"Rosario";"Soja";"U$S 247.86"
"05-05-25";"Rosario";"Soja";"U$S 256.67"
"06-05-25";"Rosario";"Soja";"U$S 265.08"
"07-05-25";"Rosario";"Soja";"U$S 269.57"
"08-05-25";"Rosario";"Soja";"U$S 269.3"
"09-05-25";"Rosario";"Soja";"U$S 272.89"
"12-05-25";"Rosario";"Soja";"U$S 273.85"
"13-05-25";"Rosario";"Soja";"U$S 270.1"
"14-05-25";"Rosario";"Soja";"U$S 269.43"
"15-05-25";"Rosario";"Soja";"U$S 270.65"
"16-05-25";"Rosario";"Soja";"U$S 272.77"
"19-05-25";"Rosario";"Soja";"U$S 273.88"
"20-05-25";"Rosario";"Soja";"U$S 275.71"
"21-05-25";"Rosario";"Soja";"U$S 274.87"
"22-05-25";"Rosario";"Soja";"U$S 276.53"
"23-05-25";"Rosario";"Soja";"U$S 271.28"
"26-05-25";"Rosario";"Soja";"U$S 272.09"
"27-05-25";"Rosario";"Soja";"U$S 271.63"
"28-05-25";"Rosario";"Soja";"U$S 267.24"
"29-05-25";"Rosario";"Soja";"U$S 267.96"
"30-05-25";"Rosario";"Soja";"U$S 269.36"
"02-06-25";"Rosario";"Soja";"U$S 271.07"
"03-06-25";"Rosario";"Soja";"U$S 272.38"
"06-06-25";"Rosario";"Soja";"U$S 271.02"
"09-06-25";"Rosario";"Soja";"U$S 270.04"
"10-06-25";"Rosario";"Soja";"U$S 239.8"
"11-06-25";"Rosario";"Soja";"U$S 275.8"
"12-06-25";"Rosario";"Soja";"U$S 273.25"
"13-06-25";"Rosario";"Soja";"U$S 276.65"
"17-06-25";"Rosario";"Soja";"U$S 281.81"
"18-06-25";"Rosario";"Soja";"U$S 278.51"
"19-06-25";"Rosario";"Soja";"U$S 274.87"
"23-06-25";"Rosario";"Soja";"U$S 272.84"
"24-06-25";"Rosario";"Soja";"U$S 275.01"
"25-06-25";"Rosario";"Soja";"U$S 269.41"
"26-06-25";"Rosario";"Soja";"U$S 269.86"
"27-06-25";"Rosario";"Soja";"U$S 269.97"
"30-06-25";"Rosario";"Soja";"U$S 266.39"
"02-07-25";"Rosario";"Soja";"U$S 256.31"
"03-07-25";"Rosario";"Soja";"U$S 255.89"
"04-07-25";"Rosario";"Soja";"U$S 254.03"
"07-07-25";"Rosario";"Soja";"U$S 249.21"
"08-07-25";"Rosario";"Soja";"U$S 251"
"10-07-25";"Rosario";"Soja";"U$S 254.98"
"11-07-25";"Rosario";"Soja";"U$S 256.04"
"14-07-25";"Rosario";"Soja";"U$S 257.81"
"15-07-25";"Rosario";"Soja";"U$S 261.9"
"16-07-25";"Rosario";"Soja";"U$S 261.7"
"17-07-25";"Rosario";"Soja";"U$S 262.95"
"18-07-25";"Rosario";"Soja";"U$S 264.39"
"21-07-25";"Rosario";"Soja";"U$S 265.49"
"22-07-25";"Rosario";"Soja";"U$S 267.41"
"23-07-25";"Rosario";"Soja";"U$S 270.16"
"24-07-25";"Rosario";"Soja";"U$S 268.47"
"02-01-25";"Rosario";"Sorgo";"U$S 164.65"
"06-01-25";"Rosario";"Sorgo";"U$S 164.17"
"07-01-25";"Rosario";"Sorgo";"U$S 166.99"
"13-01-25";"Rosario";"Sorgo";"U$S 173.08"
"14-01-25";"Rosario";"Sorgo";"U$S 172.91"
"15-01-25";"Rosario";"Sorgo";"U$S 172.74"
"16-01-25";"Rosario";"Sorgo";"U$S 172.74"
"17-01-25";"Rosario";"Sorgo";"U$S 172.41"
"20-01-25";"Rosario";"Sorgo";"U$S 172"
"22-01-25";"Rosario";"Sorgo";"U$S 171.76"
"03-02-25";"Rosario";"Sorgo";"U$S 175.48"
"04-02-25";"Rosario";"Sorgo";"U$S 180.22"
"05-02-25";"Rosario";"Sorgo";"U$S 180.18"
"06-02-25";"Rosario";"Sorgo";"U$S 180.14"
"07-02-25";"Rosario";"Sorgo";"U$S 179.97"
"10-02-25";"Rosario";"Sorgo";"U$S 179.84"
"17-02-25";"Rosario";"Sorgo";"U$S 179.37"
"18-02-25";"Rosario";"Sorgo";"U$S 179.41"
"20-02-25";"Rosario";"Sorgo";"U$S 184.01"
"24-02-25";"Rosario";"Sorgo";"U$S 188.5"
"25-02-25";"Rosario";"Sorgo";"U$S 188.41"
"26-02-25";"Rosario";"Sorgo";"U$S 188.37"
"27-02-25";"Rosario";"Sorgo";"U$S 188.28"
"04-03-25";"Rosario";"Sorgo";"U$S 187.84"
"05-03-25";"Rosario";"Sorgo";"U$S 187.93"
"06-03-25";"Rosario";"Sorgo";"U$S 187.88"
"07-03-25";"Rosario";"Sorgo";"U$S 192.22"
"10-03-25";"Rosario";"Sorgo";"U$S 192.31"
"12-03-25";"Rosario";"Sorgo";"U$S 192.17"
"14-03-25";"Rosario";"Sorgo";"U$S 196.54"
"17-03-25";"Rosario";"Sorgo";"U$S 196.54"
"18-03-25";"Rosario";"Sorgo";"U$S 196.45"
"19-03-25";"Rosario";"Sorgo";"U$S 195.37"
"20-03-25";"Rosario";"Sorgo";"U$S 196.35"
"21-03-25";"Rosario";"Sorgo";"U$S 195.99"
"25-03-25";"Rosario";"Sorgo";"U$S 195.94"
"26-03-25";"Rosario";"Sorgo";"U$S 195.94"
"27-03-25";"Rosario";"Sorgo";"U$S 195.85"
"28-03-25";"Rosario";"Sorgo";"U$S 195.62"
"01-04-25";"Rosario";"Sorgo";"U$S 195.39"
"03-04-25";"Rosario";"Sorgo";"U$S 195.35"
"04-04-25";"Rosario";"Sorgo";"U$S 195.17"
"08-04-25";"Rosario";"Sorgo";"U$S 195.12"
"09-04-25";"Rosario";"Sorgo";"U$S 194.94"
"14-04-25";"Rosario";"Sorgo";"U$S 178.63"
"16-04-25";"Rosario";"Sorgo";"U$S 188.55"
"21-04-25";"Rosario";"Sorgo";"U$S 178.24"
"24-04-25";"Rosario";"Sorgo";"U$S 183.13"
"25-04-25";"Rosario";"Sorgo";"U$S 183.84"
"29-04-25";"Rosario";"Sorgo";"U$S 182.83"
"30-04-25";"Rosario";"Sorgo";"U$S 179.49"
"06-05-25";"Rosario";"Sorgo";"U$S 17.84"
"12-05-25";"Rosario";"Sorgo";"U$S 177.56"
"13-05-25";"Rosario";"Sorgo";"U$S 176.54"
"14-05-25";"Rosario";"Sorgo";"U$S 174.47"
"15-05-25";"Rosario";"Sorgo";"U$S 178.48"
"16-05-25";"Rosario";"Sorgo";"U$S 178.63"
"19-05-25";"Rosario";"Sorgo";"U$S 178.53"
"20-05-25";"Rosario";"Sorgo";"U$S 178.56"
"21-05-25";"Rosario";"Sorgo";"U$S 178.59"
"22-05-25";"Rosario";"Sorgo";"U$S 177.58"
"23-05-25";"Rosario";"Sorgo";"U$S 176.53"
"26-05-25";"Rosario";"Sorgo";"U$S 176.73"
"27-05-25";"Rosario";"Sorgo";"U$S 176.9"
"28-05-25";"Rosario";"Sorgo";"U$S 176.72"
"29-05-25";"Rosario";"Sorgo";"U$S 178.36"
"30-05-25";"Rosario";"Sorgo";"U$S 178.62"
"02-06-25";"Rosario";"Sorgo";"U$S 178.31"
"03-06-25";"Rosario";"Sorgo";"U$S 178.21"
"06-06-25";"Rosario";"Sorgo";"U$S 172.92"
"09-06-25";"Rosario";"Sorgo";"U$S 170.89"
"10-06-25";"Rosario";"Sorgo";"U$S 151.45"
"11-06-25";"Rosario";"Sorgo";"U$S 167.09"
"12-06-25";"Rosario";"Sorgo";"U$S 161.69"
"13-06-25";"Rosario";"Sorgo";"U$S 161.76"
"17-06-25";"Rosario";"Sorgo";"U$S 163.71"
"18-06-25";"Rosario";"Sorgo";"U$S 163.68"
"19-06-25";"Rosario";"Sorgo";"U$S 163.72"
"23-06-25";"Rosario";"Sorgo";"U$S 165.67"
"24-06-25";"Rosario";"Sorgo";"U$S 166.88"
"25-06-25";"Rosario";"Sorgo";"U$S 165.73"
"26-06-25";"Rosario";"Sorgo";"U$S 166.71"
"27-06-25";"Rosario";"Sorgo";"U$S 166.78"
"30-06-25";"Rosario";"Sorgo";"U$S 165.81"
"01-07-25";"Rosario";"Sorgo";"U$S 163.67"
"02-07-25";"Rosario";"Sorgo";"U$S 163.14"
"03-07-25";"Rosario";"Sorgo";"U$S 163.79"
"04-07-25";"Rosario";"Sorgo";"U$S 163.79"
"07-07-25";"Rosario";"Sorgo";"U$S 163.77"
"08-07-25";"Rosario";"Sorgo";"U$S 163.82"
"10-07-25";"Rosario";"Sorgo";"U$S 163.82"
"11-07-25";"Rosario";"Sorgo";"U$S 164.88"
"14-07-25";"Rosario";"Sorgo";"U$S 167.81"
"15-07-25";"Rosario";"Sorgo";"U$S 170.63"
"16-07-25";"Rosario";"Sorgo";"U$S 170.02"
"18-07-25";"Rosario";"Sorgo";"U$S 173.48"
"21-07-25";"Rosario";"Sorgo";"U$S 173.76"
"22-07-25";"Rosario";"Sorgo";"U$S 176.2"
"23-07-25";"Rosario";"Sorgo";"U$S 174.02"
"24-07-25";"Rosario";"Sorgo";"U$S 175.71"
"30-12-24";"Rosario";"Trigo";"U$S 193.8"
"02-01-25";"Rosario";"Trigo";"U$S 193.22"
"03-01-25";"Rosario";"Trigo";"U$S 188.31"
"06-01-25";"Rosario";"Trigo";"U$S 188.31"
"07-01-25";"Rosario";"Trigo";"U$S 188.22"
"08-01-25";"Rosario";"Trigo";"U$S 189.58"
"10-01-25";"Rosario";"Trigo";"U$S 189.51"
"13-01-25";"Rosario";"Trigo";"U$S 189.42"
"14-01-25";"Rosario";"Trigo";"U$S 188.28"
"15-01-25";"Rosario";"Trigo";"U$S 188.1"
"16-01-25";"Rosario";"Trigo";"U$S 190.98"
"17-01-25";"Rosario";"Trigo";"U$S 189.66"
"20-01-25";"Rosario";"Trigo";"U$S 189.2"
"21-01-25";"Rosario";"Trigo";"U$S 190.07"
"22-01-25";"Rosario";"Trigo";"U$S 190.84"
"23-01-25";"Rosario";"Trigo";"U$S 192.66"
"28-01-25";"Rosario";"Trigo";"U$S 199.33"
"29-01-25";"Rosario";"Trigo";"U$S 202.57"
"30-01-25";"Rosario";"Trigo";"U$S 202.47"
"31-01-25";"Rosario";"Trigo";"U$S 202.18"
"03-02-25";"Rosario";"Trigo";"U$S 199.19"
"04-02-25";"Rosario";"Trigo";"U$S 199.19"
"05-02-25";"Rosario";"Trigo";"U$S 202.94"
"06-02-25";"Rosario";"Trigo";"U$S 208.58"
"07-02-25";"Rosario";"Trigo";"U$S 208.38"
"10-02-25";"Rosario";"Trigo";"U$S 208.23"
"11-02-25";"Rosario";"Trigo";"U$S 208.23"
"12-02-25";"Rosario";"Trigo";"U$S 208.19"
"13-02-25";"Rosario";"Trigo";"U$S 207.04"
"14-02-25";"Rosario";"Trigo";"U$S 207.89"
"17-02-25";"Rosario";"Trigo";"U$S 207.69"
"18-02-25";"Rosario";"Trigo";"U$S 209.16"
"19-02-25";"Rosario";"Trigo";"U$S 210.53"
"20-02-25";"Rosario";"Trigo";"U$S 210.43"
"21-02-25";"Rosario";"Trigo";"U$S 213.06"
"24-02-25";"Rosario";"Trigo";"U$S 213.01"
"25-02-25";"Rosario";"Trigo";"U$S 211.96"
"26-02-25";"Rosario";"Trigo";"U$S 211.44"
"27-02-25";"Rosario";"Trigo";"U$S 208.24"
"04-03-25";"Rosario";"Trigo";"U$S 206.15"
"05-03-25";"Rosario";"Trigo";"U$S 200.14"
"06-03-25";"Rosario";"Trigo";"U$S 199.15"
"07-03-25";"Rosario";"Trigo";"U$S 200.66"
"10-03-25";"Rosario";"Trigo";"U$S 201.69"
"12-03-25";"Rosario";"Trigo";"U$S 208.58"
"14-03-25";"Rosario";"Trigo";"U$S 215.26"
"17-03-25";"Rosario";"Trigo";"U$S 215.26"
"18-03-25";"Rosario";"Trigo";"U$S 217.96"
"19-03-25";"Rosario";"Trigo";"U$S 220.61"
"20-03-25";"Rosario";"Trigo";"U$S 219.73"
"21-03-25";"Rosario";"Trigo";"U$S 219.79"
"25-03-25";"Rosario";"Trigo";"U$S 219.27"
"26-03-25";"Rosario";"Trigo";"U$S 219.27"
"27-03-25";"Rosario";"Trigo";"U$S 219.17"
"28-03-25";"Rosario";"Trigo";"U$S 218.91"
"31-03-25";"Rosario";"Trigo";"U$S 218.81"
"01-04-25";"Rosario";"Trigo";"U$S 218.66"
"03-04-25";"Rosario";"Trigo";"U$S 218.6"
"04-04-25";"Rosario";"Trigo";"U$S 218.4"
"07-04-25";"Rosario";"Trigo";"U$S 218.4"
"08-04-25";"Rosario";"Trigo";"U$S 218.35"
"09-04-25";"Rosario";"Trigo";"U$S 222.7"
"10-04-25";"Rosario";"Trigo";"U$S 221.91"
"11-04-25";"Rosario";"Trigo";"U$S 221.71"
"14-04-25";"Rosario";"Trigo";"U$S 200.33"
"15-04-25";"Rosario";"Trigo";"U$S 206.67"
"16-04-25";"Rosario";"Trigo";"U$S 218.5"
"21-04-25";"Rosario";"Trigo";"U$S 208.27"
"22-04-25";"Rosario";"Trigo";"U$S 206.97"
"24-04-25";"Rosario";"Trigo";"U$S 204.43"
"25-04-25";"Rosario";"Trigo";"U$S 207.78"
"28-04-25";"Rosario";"Trigo";"U$S 199.49"
"29-04-25";"Rosario";"Trigo";"U$S 200"
"05-05-25";"Rosario";"Trigo";"U$S 192.5"
"06-05-25";"Rosario";"Trigo";"U$S 195.98"
"07-05-25";"Rosario";"Trigo";"U$S 196.44"
"08-05-25";"Rosario";"Trigo";"U$S 198.38"
"09-05-25";"Rosario";"Trigo";"U$S 198.42"
"12-05-25";"Rosario";"Trigo";"U$S 196.47"
"13-05-25";"Rosario";"Trigo";"U$S 195.47"
"14-05-25";"Rosario";"Trigo";"U$S 197.88"
"15-05-25";"Rosario";"Trigo";"U$S 197.28"
"16-05-25";"Rosario";"Trigo";"U$S 196.15"
"19-05-25";"Rosario";"Trigo";"U$S 197.2"
"20-05-25";"Rosario";"Trigo";"U$S 198.42"
"21-05-25";"Rosario";"Trigo";"U$S 199.39"
"22-05-25";"Rosario";"Trigo";"U$S 199.91"
"23-05-25";"Rosario";"Trigo";"U$S 198.5"
"26-05-25";"Rosario";"Trigo";"U$S 198.43"
"27-05-25";"Rosario";"Trigo";"U$S 197.66"
"28-05-25";"Rosario";"Trigo";"U$S 198.28"
"29-05-25";"Rosario";"Trigo";"U$S 198.48"
"30-05-25";"Rosario";"Trigo";"U$S 198.48"
"02-06-25";"Rosario";"Trigo";"U$S 198.48"
"03-06-25";"Rosario";"Trigo";"U$S 198.4"
"06-06-25";"Rosario";"Trigo";"U$S 198.48"
"09-06-25";"Rosario";"Trigo";"U$S 197.47"
"10-06-25";"Rosario";"Trigo";"U$S 167.44"
"11-06-25";"Rosario";"Trigo";"U$S 196.49"
"12-06-25";"Rosario";"Trigo";"U$S 196.5"
"13-06-25";"Rosario";"Trigo";"U$S 196.7"
"17-06-25";"Rosario";"Trigo";"U$S 198.45"
"18-06-25";"Rosario";"Trigo";"U$S 198.42"
"19-06-25";"Rosario";"Trigo";"U$S 198.45"
"23-06-25";"Rosario";"Trigo";"U$S 198.46"
"24-06-25";"Rosario";"Trigo";"U$S 198.47"
"25-06-25";"Rosario";"Trigo";"U$S 198.49"
"26-06-25";"Rosario";"Trigo";"U$S 198.49"
"27-06-25";"Rosario";"Trigo";"U$S 198.49"
"30-06-25";"Rosario";"Trigo";"U$S 198.01"
"01-07-25";"Rosario";"Trigo";"U$S 196.4"
"02-07-25";"Rosario";"Trigo";"U$S 196.5"
"03-07-25";"Rosario";"Trigo";"U$S 196.55"
"04-07-25";"Rosario";"Trigo";"U$S 196.53"
"07-07-25";"Rosario";"Trigo";"U$S 193.59"
"08-07-25";"Rosario";"Trigo";"U$S 193.63"
"10-07-25";"Rosario";"Trigo";"U$S 193.63"
"11-07-25";"Rosario";"Trigo";"U$S 194.21"
"14-07-25";"Rosario";"Trigo";"U$S 195.31"
"15-07-25";"Rosario";"Trigo";"U$S 195.56"
"16-07-25";"Rosario";"Trigo";"U$S 198.02"
"17-07-25";"Rosario";"Trigo";"U$S 197.41"
"18-07-25";"Rosario";"Trigo";"U$S 198.44"
"21-07-25";"Rosario";"Trigo";"U$S 198.59"
"22-07-25";"Rosario";"Trigo";"U$S 201.75"
"23-07-25";"Rosario";"Trigo";"U$S 200.64"
"24-07-25";"Rosario";"Trigo";"U$S 201.26"